part_id,part_name,category,kid_friendly_name,what_it_does,skill_level,voltage,usual_qty,buy_search_term,compatible_with,example_projects,common_mistake,safety_note,online_search_robu,online_search_robocraze,online_search_amazon_in,local_store_search_term
CTRL-001,Arduino Uno R3,Controllers,The robot's brain,Reads sensors and controls outputs,Beginner,5V,1,Arduino Uno R3 compatible board,Most 5V Arduino modules,Obstacle Robot; Plant Watering,Powering motors directly,Use regulated power,https://robu.in/?s=Arduino+Uno+R3+compatible+board&post_type=product,https://robocraze.com/search?q=Arduino+Uno+R3+compatible+board,https://www.amazon.in/s?k=Arduino+Uno+R3+compatible+board,Arduino Uno R3 compatible board
CTRL-002,Arduino Nano,Controllers,A tiny Arduino brain,Arduino control in a compact board,Beginner,5V,1,Arduino Nano ATmega328P,Most 5V Arduino modules,Mini Robot; Sensor Station,Buying unsoldered headers,Avoid shorts,https://robu.in/?s=Arduino+Nano+ATmega328P&post_type=product,https://robocraze.com/search?q=Arduino+Nano+ATmega328P,https://www.amazon.in/s?k=Arduino+Nano+ATmega328P,Arduino Nano ATmega328P
CTRL-003,ESP32 Dev Board,Controllers,A brain with Wi-Fi,Controls electronics with Wi-Fi and Bluetooth,Intermediate,3.3V logic,1,ESP32 DevKit V1,3.3V modules,Wi-Fi Robot; IoT Monitor,Applying 5V to GPIO,GPIO generally not 5V tolerant,https://robu.in/?s=ESP32+DevKit+V1&post_type=product,https://robocraze.com/search?q=ESP32+DevKit+V1,https://www.amazon.in/s?k=ESP32+DevKit+V1,ESP32 DevKit V1
CTRL-004,BBC micro:bit V2,Controllers,A kid-friendly brain,Combines coding with built-in sensors and LEDs,Beginner,3V,1,BBC microbit V2,micro:bit accessories,Mini Rover; Reaction Game,Connecting motors directly,Use a motor driver,https://robu.in/?s=BBC+microbit+V2&post_type=product,https://robocraze.com/search?q=BBC+microbit+V2,https://www.amazon.in/s?k=BBC+microbit+V2,BBC microbit V2
SNS-001,HC-SR04 Ultrasonic Sensor,Sensors,Robot distance eyes,Measures distance using sound,Beginner,5V,1,HC-SR04 ultrasonic distance sensor,Arduino; ESP32 with adaptation,Obstacle Robot; Parking Sensor,Mixing Trigger and Echo,Keep dry,https://robu.in/?s=HC-SR04+ultrasonic+distance+sensor&post_type=product,https://robocraze.com/search?q=HC-SR04+ultrasonic+distance+sensor,https://www.amazon.in/s?k=HC-SR04+ultrasonic+distance+sensor,HC-SR04 ultrasonic distance sensor
SNS-002,IR Obstacle Sensor,Sensors,Nearby-object detector,Detects reflected infrared light,Beginner,3.3-5V,1,IR obstacle avoidance sensor module,Arduino; ESP32,Obstacle Robot; Counter,Expecting precise distance,Sunlight can affect readings,https://robu.in/?s=IR+obstacle+avoidance+sensor+module&post_type=product,https://robocraze.com/search?q=IR+obstacle+avoidance+sensor+module,https://www.amazon.in/s?k=IR+obstacle+avoidance+sensor+module,IR obstacle avoidance sensor module
SNS-003,IR Line Sensor,Sensors,Helps a robot see a line,Detects light/dark floor reflectivity,Beginner,3.3-5V,2,IR line tracking sensor module,Arduino; ESP32,Line Follower,Mounting too far from floor,Test before running,https://robu.in/?s=IR+line+tracking+sensor+module&post_type=product,https://robocraze.com/search?q=IR+line+tracking+sensor+module,https://www.amazon.in/s?k=IR+line+tracking+sensor+module,IR line tracking sensor module
SNS-004,LDR Photoresistor,Sensors,Notices light and darkness,Changes resistance with light,Beginner,Passive,1,5mm LDR photoresistor,Arduino analog; ESP32 ADC,Night Light; Light Meter,Forgetting divider resistor,Low risk,https://robu.in/?s=5mm+LDR+photoresistor&post_type=product,https://robocraze.com/search?q=5mm+LDR+photoresistor,https://www.amazon.in/s?k=5mm+LDR+photoresistor,5mm LDR photoresistor
SNS-005,DHT11 Module,Sensors,Temperature and humidity sensor,Measures basic room conditions,Beginner,3.3-5V,1,DHT11 temperature humidity module,Arduino; ESP32,Weather Station,Reading too frequently,Keep dry,https://robu.in/?s=DHT11+temperature+humidity+module&post_type=product,https://robocraze.com/search?q=DHT11+temperature+humidity+module,https://www.amazon.in/s?k=DHT11+temperature+humidity+module,DHT11 temperature humidity module
SNS-006,HC-SR501 PIR,Sensors,People-motion detector,Detects infrared changes from movement,Beginner,5V typical,1,HC-SR501 PIR motion sensor,Arduino; ESP32,Motion Alarm; Auto Light,Expecting stationary detection,Not security-grade,https://robu.in/?s=HC-SR501+PIR+motion+sensor&post_type=product,https://robocraze.com/search?q=HC-SR501+PIR+motion+sensor,https://www.amazon.in/s?k=HC-SR501+PIR+motion+sensor,HC-SR501 PIR motion sensor
SNS-007,Capacitive Soil Moisture Sensor,Sensors,Checks if soil is wet,Measures soil moisture capacitively,Beginner,3.3-5V,1,capacitive soil moisture sensor v1.2,Arduino; ESP32,Plant Watering,Submerging electronics,Insert sensing portion only,https://robu.in/?s=capacitive+soil+moisture+sensor+v1.2&post_type=product,https://robocraze.com/search?q=capacitive+soil+moisture+sensor+v1.2,https://www.amazon.in/s?k=capacitive+soil+moisture+sensor+v1.2,capacitive soil moisture sensor v1.2
SNS-008,Sound Sensor Module,Sensors,Notices claps,Detects sound level,Beginner,3.3-5V,1,microphone sound sensor module,Arduino; ESP32,Clap Light,Expecting speech recognition,Avoid loud sounds near ears,https://robu.in/?s=microphone+sound+sensor+module&post_type=product,https://robocraze.com/search?q=microphone+sound+sensor+module,https://www.amazon.in/s?k=microphone+sound+sensor+module,microphone sound sensor module
SNS-009,MPU6050 IMU,Sensors,Feels tilt and rotation,Measures acceleration and rotation,Intermediate,3.3V chip,1,MPU6050 GY-521,Arduino; ESP32,Gesture Controller,Skipping calibration,Mount securely,https://robu.in/?s=MPU6050+GY-521&post_type=product,https://robocraze.com/search?q=MPU6050+GY-521,https://www.amazon.in/s?k=MPU6050+GY-521,MPU6050 GY-521
MOT-001,BO Geared DC Motor,Motors & Motion,Turns robot wheels,Converts electricity to geared rotation,Beginner,3-6V,2,BO motor 6V 200 RPM dual shaft,L298N; TB6612FNG,Robot Car; Line Follower,Connecting directly to Arduino,Keep fingers and hair clear,https://robu.in/?s=BO+motor+6V+200+RPM+dual+shaft&post_type=product,https://robocraze.com/search?q=BO+motor+6V+200+RPM+dual+shaft,https://www.amazon.in/s?k=BO+motor+6V+200+RPM+dual+shaft,BO motor 6V 200 RPM dual shaft
MOT-002,TT Geared DC Motor,Motors & Motion,Yellow robot-car motor,Provides geared wheel movement,Beginner,3-6V,2,TT gear motor 6V 200 RPM,Motor drivers; TT wheels,Robot Car,Mismatched wheel shaft,Keep moving parts clear,https://robu.in/?s=TT+gear+motor+6V+200+RPM&post_type=product,https://robocraze.com/search?q=TT+gear+motor+6V+200+RPM,https://www.amazon.in/s?k=TT+gear+motor+6V+200+RPM,TT gear motor 6V 200 RPM
MOT-003,SG90 Micro Servo,Motors & Motion,Moves to a chosen angle,Positions sensors or mechanisms,Beginner,4.8-6V,1,SG90 9g micro servo,Arduino; ESP32 PWM,Scanning Sensor; Robot Arm,Powering many from controller,Do not force shaft,https://robu.in/?s=SG90+9g+micro+servo&post_type=product,https://robocraze.com/search?q=SG90+9g+micro+servo,https://www.amazon.in/s?k=SG90+9g+micro+servo,SG90 9g micro servo
MOT-004,MG90S Servo,Motors & Motion,A stronger mini servo,Positions light mechanisms with metal gears,Intermediate,4.8-6V,1,MG90S metal gear servo,Arduino; ESP32,Robot Gripper,Stalling under excess load,Avoid prolonged stalls,https://robu.in/?s=MG90S+metal+gear+servo&post_type=product,https://robocraze.com/search?q=MG90S+metal+gear+servo,https://www.amazon.in/s?k=MG90S+metal+gear+servo,MG90S metal gear servo
MOT-005,28BYJ-48 + ULN2003,Motors & Motion,Turns in controlled steps,Provides precise slow rotation,Intermediate,5V,1,28BYJ-48 5V ULN2003,Arduino; ESP32,Rotating Display,Driving from GPIO directly,May warm in long use,https://robu.in/?s=28BYJ-48+5V+ULN2003&post_type=product,https://robocraze.com/search?q=28BYJ-48+5V+ULN2003,https://www.amazon.in/s?k=28BYJ-48+5V+ULN2003,28BYJ-48 5V ULN2003
DRV-001,L298N Motor Driver,Motor Drivers,Motor power middleman,Controls two DC motors,Beginner,Varies,1,L298N dual H bridge motor driver,Arduino; BO/TT motors,Robot Car,Powering motor from Arduino pin,Can get warm,https://robu.in/?s=L298N+dual+H+bridge+motor+driver&post_type=product,https://robocraze.com/search?q=L298N+dual+H+bridge+motor+driver,https://www.amazon.in/s?k=L298N+dual+H+bridge+motor+driver,L298N dual H bridge motor driver
DRV-002,L293D IC,Motor Drivers,Small motor-control chip,Controls small DC motors,Intermediate,Varies,1,L293D motor driver IC DIP,Arduino; breadboard,Motor Experiments,Wrong IC orientation,Check wiring first,https://robu.in/?s=L293D+motor+driver+IC+DIP&post_type=product,https://robocraze.com/search?q=L293D+motor+driver+IC+DIP,https://www.amazon.in/s?k=L293D+motor+driver+IC+DIP,L293D motor driver IC DIP
DRV-003,TB6612FNG Driver,Motor Drivers,Efficient motor controller,Controls two motors with PWM,Intermediate,2.5-13.5V motor,1,TB6612FNG dual motor driver,Arduino; ESP32,Efficient Rover,Leaving standby disabled,Avoid reverse polarity,https://robu.in/?s=TB6612FNG+dual+motor+driver&post_type=product,https://robocraze.com/search?q=TB6612FNG+dual+motor+driver,https://www.amazon.in/s?k=TB6612FNG+dual+motor+driver,TB6612FNG dual motor driver
PWR-001,4xAA Battery Holder,Power,Portable battery box,Holds four AA cells,Beginner,4.8-6V approx.,1,4 AA battery holder with switch,Small robots,Robot Car,Mixing old and new cells,Do not mix chemistries,https://robu.in/?s=4+AA+battery+holder+with+switch&post_type=product,https://robocraze.com/search?q=4+AA+battery+holder+with+switch,https://www.amazon.in/s?k=4+AA+battery+holder+with+switch,4 AA battery holder with switch
PWR-002,USB Power Bank,Power,Rechargeable USB power,Supplies regulated 5V USB,Beginner,5V,1,5V USB power bank,Arduino; ESP32,Sensor Station,Some switch off at low load,Use certified products,https://robu.in/?s=5V+USB+power+bank&post_type=product,https://robocraze.com/search?q=5V+USB+power+bank,https://www.amazon.in/s?k=5V+USB+power+bank,5V USB power bank
PWR-003,LM2596 Buck Converter,Power,Steps voltage down,Converts higher DC to lower DC,Intermediate,Adjustable,1,LM2596 buck converter module,Battery projects,Battery Robot,Not checking output first,Wrong voltage can damage parts,https://robu.in/?s=LM2596+buck+converter+module&post_type=product,https://robocraze.com/search?q=LM2596+buck+converter+module,https://www.amazon.in/s?k=LM2596+buck+converter+module,LM2596 buck converter module
OUT-001,5mm LED,Outputs,Tiny controllable light,Shows project status,Beginner,2-3V forward,3,5mm LED assorted colors,Arduino; ESP32,Traffic Light,No resistor,Use current-limiting resistor,https://robu.in/?s=5mm+LED+assorted+colors&post_type=product,https://robocraze.com/search?q=5mm+LED+assorted+colors,https://www.amazon.in/s?k=5mm+LED+assorted+colors,5mm LED assorted colors
OUT-002,RGB LED,Outputs,One LED with many colors,Mixes red green blue light,Beginner,Varies,1,5mm RGB LED common cathode,Arduino PWM; ESP32,Mood Light,Wrong common type,Use resistors,https://robu.in/?s=5mm+RGB+LED+common+cathode&post_type=product,https://robocraze.com/search?q=5mm+RGB+LED+common+cathode,https://www.amazon.in/s?k=5mm+RGB+LED+common+cathode,5mm RGB LED common cathode
OUT-003,Active Buzzer,Outputs,Simple beeper,Makes a tone when powered,Beginner,3.3-5V,1,5V active buzzer module,Arduino; ESP32,Alarm; Quiz,Confusing active and passive,Keep away from ears,https://robu.in/?s=5V+active+buzzer+module&post_type=product,https://robocraze.com/search?q=5V+active+buzzer+module,https://www.amazon.in/s?k=5V+active+buzzer+module,5V active buzzer module
OUT-004,0.96 OLED I2C,Outputs,Tiny screen,Shows text and graphics,Intermediate,3.3-5V,1,0.96 OLED I2C SSD1306,Arduino; ESP32,Weather Station,Wrong I2C address,Handle gently,https://robu.in/?s=0.96+OLED+I2C+SSD1306&post_type=product,https://robocraze.com/search?q=0.96+OLED+I2C+SSD1306,https://www.amazon.in/s?k=0.96+OLED+I2C+SSD1306,0.96 OLED I2C SSD1306
OUT-005,16x2 I2C LCD,Outputs,Two-line text screen,Displays messages and readings,Beginner,5V typical,1,16x2 LCD I2C module,Arduino,Thermometer; Quiz,Contrast or address confusion,Low risk,https://robu.in/?s=16x2+LCD+I2C+module&post_type=product,https://robocraze.com/search?q=16x2+LCD+I2C+module,https://www.amazon.in/s?k=16x2+LCD+I2C+module,16x2 LCD I2C module
OUT-006,1-Channel Relay Module,Outputs,Electrically controlled switch,Switches a separate low-voltage circuit,Intermediate,5V typical,1,5V 1 channel relay module,Arduino,Plant Watering,Using mains voltage,Kid builds should use low-voltage DC only,https://robu.in/?s=5V+1+channel+relay+module&post_type=product,https://robocraze.com/search?q=5V+1+channel+relay+module,https://www.amazon.in/s?k=5V+1+channel+relay+module,5V 1 channel relay module
IN-001,Tactile Push Button,Inputs,A button the robot feels,Provides momentary input,Beginner,Passive,2,6x6mm tactile push button,Arduino; ESP32,Reaction Game; Quiz,Misreading connected legs,Low risk,https://robu.in/?s=6x6mm+tactile+push+button&post_type=product,https://robocraze.com/search?q=6x6mm+tactile+push+button,https://www.amazon.in/s?k=6x6mm+tactile+push+button,6x6mm tactile push button
IN-002,10k Potentiometer,Inputs,A value-changing knob,Provides adjustable analog voltage,Beginner,Passive,1,10K linear potentiometer,Arduino; ESP32,LED Dimmer; Servo Knob,Wrong pin wiring,Low risk,https://robu.in/?s=10K+linear+potentiometer&post_type=product,https://robocraze.com/search?q=10K+linear+potentiometer,https://www.amazon.in/s?k=10K+linear+potentiometer,10K linear potentiometer
IN-003,Joystick Module,Inputs,Game-controller stick,Provides X/Y input and button,Beginner,3.3-5V,1,PS2 joystick module Arduino,Arduino; ESP32,Robot Controller,Expecting it to drive motors,Low risk,https://robu.in/?s=PS2+joystick+module+Arduino&post_type=product,https://robocraze.com/search?q=PS2+joystick+module+Arduino,https://www.amazon.in/s?k=PS2+joystick+module+Arduino,PS2 joystick module Arduino
CON-001,830-Point Breadboard,Connections,No-solder circuit board,Temporarily connects components,Beginner,N/A,1,830 point solderless breadboard,Jumper wires; DIP parts,Most electronics projects,Misunderstanding connected rows,Do not force thick wires,https://robu.in/?s=830+point+solderless+breadboard&post_type=product,https://robocraze.com/search?q=830+point+solderless+breadboard,https://www.amazon.in/s?k=830+point+solderless+breadboard,830 point solderless breadboard
CON-002,Male-Male Jumper Wires,Connections,Reusable circuit wires,Connects breadboard and headers,Beginner,N/A,10,male to male jumper wires 20cm,Breadboard; Arduino,Most breadboard projects,Loose connections,Power off when rewiring,https://robu.in/?s=male+to+male+jumper+wires+20cm&post_type=product,https://robocraze.com/search?q=male+to+male+jumper+wires+20cm,https://www.amazon.in/s?k=male+to+male+jumper+wires+20cm,male to male jumper wires 20cm
CON-003,Male-Female Jumper Wires,Connections,Sensor connecting wires,Connects module pins to boards,Beginner,N/A,10,male to female jumper wires 20cm,Sensors; Arduino,Sensor Projects,Pulling by the wire,Power off when rewiring,https://robu.in/?s=male+to+female+jumper+wires+20cm&post_type=product,https://robocraze.com/search?q=male+to+female+jumper+wires+20cm,https://www.amazon.in/s?k=male+to+female+jumper+wires+20cm,male to female jumper wires 20cm
CON-004,Female-Female Jumper Wires,Connections,Pin-to-pin wires,Joins male headers,Beginner,N/A,6,female to female jumper wires 20cm,Modules,Module Connections,Loose connectors,Power off when rewiring,https://robu.in/?s=female+to+female+jumper+wires+20cm&post_type=product,https://robocraze.com/search?q=female+to+female+jumper+wires+20cm,https://www.amazon.in/s?k=female+to+female+jumper+wires+20cm,female to female jumper wires 20cm
CON-005,USB Data Cable,Connections,Code-upload cable,Carries programming data and power,Beginner,5V USB,1,USB data cable for Arduino,Controller-specific,All coded projects,Using charge-only cable,Use intact cable,https://robu.in/?s=USB+data+cable+for+Arduino&post_type=product,https://robocraze.com/search?q=USB+data+cable+for+Arduino,https://www.amazon.in/s?k=USB+data+cable+for+Arduino,USB data cable for Arduino
MECH-001,2WD Robot Chassis,Mechanical,The robot's body,Holds motors controller and battery,Beginner,N/A,1,2WD robot car chassis kit,BO/TT motors,Robot Car; Obstacle Robot,Wrong motor mounting type,Remove sharp edges,https://robu.in/?s=2WD+robot+car+chassis+kit&post_type=product,https://robocraze.com/search?q=2WD+robot+car+chassis+kit,https://www.amazon.in/s?k=2WD+robot+car+chassis+kit,2WD robot car chassis kit
MECH-002,Robot Wheel,Mechanical,Robot shoes,Transfers motor rotation to floor,Beginner,N/A,2,robot wheel for BO motor,BO motor,Robot Car; Line Follower,Wrong shaft type,Keep fingers clear,https://robu.in/?s=robot+wheel+for+BO+motor&post_type=product,https://robocraze.com/search?q=robot+wheel+for+BO+motor,https://www.amazon.in/s?k=robot+wheel+for+BO+motor,robot wheel for BO motor
MECH-003,Caster Wheel,Mechanical,Balancing wheel,Supports a 2-wheel robot,Beginner,N/A,1,small robot caster wheel,2WD chassis,Robot Car,Wrong mounting height,Secure screws,https://robu.in/?s=small+robot+caster+wheel&post_type=product,https://robocraze.com/search?q=small+robot+caster+wheel,https://www.amazon.in/s?k=small+robot+caster+wheel,small robot caster wheel
MECH-004,M3 Screw Nut Spacer Set,Mechanical,Robot building hardware,Mounts boards and mechanisms,Beginner,N/A,1,M3 spacer screw kit electronics,Most boards/chassis,Most robot builds,Using screws too long,Do not overtighten PCBs,https://robu.in/?s=M3+spacer+screw+kit+electronics&post_type=product,https://robocraze.com/search?q=M3+spacer+screw+kit+electronics,https://www.amazon.in/s?k=M3+spacer+screw+kit+electronics,M3 spacer screw kit electronics
BASIC-001,220 Ohm Resistor,Basic Electronics,LED protector,Limits current,Beginner,Passive,5,220 ohm resistor 1/4 watt,LED circuits,LED Projects,Skipping resistor,Use suitable value,https://robu.in/?s=220+ohm+resistor+1%2F4+watt&post_type=product,https://robocraze.com/search?q=220+ohm+resistor+1%2F4+watt,https://www.amazon.in/s?k=220+ohm+resistor+1%2F4+watt,220 ohm resistor 1/4 watt
BASIC-002,10k Ohm Resistor,Basic Electronics,Signal helper,Used for pull-ups and voltage dividers,Beginner,Passive,5,10k resistor 1/4 watt,Sensors; buttons,LDR; Button Projects,Wrong resistor value,Low risk,https://robu.in/?s=10k+resistor+1%2F4+watt&post_type=product,https://robocraze.com/search?q=10k+resistor+1%2F4+watt,https://www.amazon.in/s?k=10k+resistor+1%2F4+watt,10k resistor 1/4 watt
BASIC-003,2N2222 NPN Transistor,Basic Electronics,Tiny electronic switch,Lets a small signal control a larger DC load,Intermediate,Circuit dependent,2,2N2222 NPN transistor,Arduino switching circuits,Fan; LED Experiments,Wrong pinout,Observe current limits,https://robu.in/?s=2N2222+NPN+transistor&post_type=product,https://robocraze.com/search?q=2N2222+NPN+transistor,https://www.amazon.in/s?k=2N2222+NPN+transistor,2N2222 NPN transistor
BASIC-004,1N4007 Diode,Basic Electronics,One-way electrical valve,Blocks reverse current and suppresses inductive kick,Intermediate,Circuit dependent,3,1N4007 diode,Relay/motor circuits,Relay; Motor Experiments,Installing backwards,Check polarity band,https://robu.in/?s=1N4007+diode&post_type=product,https://robocraze.com/search?q=1N4007+diode,https://www.amazon.in/s?k=1N4007+diode,1N4007 diode
COM-001,HC-05 Bluetooth Module,Communication,Phone-to-robot Bluetooth,Provides Bluetooth serial communication,Intermediate,Logic-level care,1,HC-05 Bluetooth module,Arduino,Phone Controlled Robot,Ignoring logic levels,Check voltage requirements,https://robu.in/?s=HC-05+Bluetooth+module&post_type=product,https://robocraze.com/search?q=HC-05+Bluetooth+module,https://www.amazon.in/s?k=HC-05+Bluetooth+module,HC-05 Bluetooth module
COM-002,NRF24L01 Module,Communication,Wireless project radio,Provides short-range 2.4GHz data link,Intermediate,3.3V,2,NRF24L01 2.4GHz module,Arduino; ESP32,Wireless Controller,Powering from 5V,3.3V only,https://robu.in/?s=NRF24L01+2.4GHz+module&post_type=product,https://robocraze.com/search?q=NRF24L01+2.4GHz+module,https://www.amazon.in/s?k=NRF24L01+2.4GHz+module,NRF24L01 2.4GHz module
COM-003,RC522 RFID Module,Communication,Tap-card reader,Reads compatible RFID cards/tags,Intermediate,3.3V,1,RC522 RFID reader module,Arduino; ESP32,RFID Demo,Using 5V logic,3.3V device,https://robu.in/?s=RC522+RFID+reader+module&post_type=product,https://robocraze.com/search?q=RC522+RFID+reader+module,https://www.amazon.in/s?k=RC522+RFID+reader+module,RC522 RFID reader module
TOOL-001,Digital Multimeter,Tools,The robot detective,Measures voltage resistance and continuity,Beginner,N/A,1,digital multimeter beginner electronics,All projects,Debugging,Measuring current incorrectly,Use only safe low-voltage circuits,https://robu.in/?s=digital+multimeter+beginner+electronics&post_type=product,https://robocraze.com/search?q=digital+multimeter+beginner+electronics,https://www.amazon.in/s?k=digital+multimeter+beginner+electronics,digital multimeter beginner electronics
TOOL-002,Small Screwdriver Set,Tools,Robot building screwdrivers,Tightens chassis and terminal screws,Beginner,N/A,1,precision screwdriver set electronics,Mechanical parts,All robot builds,Wrong screwdriver size,Keep tools organized,https://robu.in/?s=precision+screwdriver+set+electronics&post_type=product,https://robocraze.com/search?q=precision+screwdriver+set+electronics,https://www.amazon.in/s?k=precision+screwdriver+set+electronics,precision screwdriver set electronics
TOOL-003,Wire Stripper/Cutter,Tools,Wire preparation tool,Cuts and strips insulated wire,Intermediate,N/A,1,mini wire stripper cutter electronics,Hookup wire,Custom Wiring,Cutting toward fingers,Adult supervision recommended,https://robu.in/?s=mini+wire+stripper+cutter+electronics&post_type=product,https://robocraze.com/search?q=mini+wire+stripper+cutter+electronics,https://www.amazon.in/s?k=mini+wire+stripper+cutter+electronics,mini wire stripper cutter electronics
